{
  "samples": 15612,
  "train_samples": 10926,
  "evaluation_samples": 2346,
  "evaluation_split": "metadata_test",
  "classes": [
    "block_padded_mode_like",
    "compressed_only",
    "hybrid_encryption_like",
    "not_encrypted",
    "stream_or_counter_mode_like",
    "weak_obfuscation_like"
  ],
  "feature_count": 377,
  "holdout_used": true,
  "accuracy": 0.9846547314578005,
  "precision_macro": 0.9846632638197502,
  "recall_macro": 0.9846547314578006,
  "f1_macro": 0.9846316905938387,
  "f1_weighted": 0.9846316905938388,
  "confusion_matrix": [
    [
      369,
      0,
      0,
      0,
      20,
      2
    ],
    [
      0,
      391,
      0,
      0,
      0,
      0
    ],
    [
      0,
      0,
      391,
      0,
      0,
      0
    ],
    [
      0,
      0,
      0,
      391,
      0,
      0
    ],
    [
      14,
      0,
      0,
      0,
      377,
      0
    ],
    [
      0,
      0,
      0,
      0,
      0,
      391
    ]
  ],
  "classification_report": {
    "block_padded_mode_like": {
      "precision": 0.9634464751958225,
      "recall": 0.9437340153452686,
      "f1-score": 0.9534883720930233,
      "support": 391.0
    },
    "compressed_only": {
      "precision": 1.0,
      "recall": 1.0,
      "f1-score": 1.0,
      "support": 391.0
    },
    "hybrid_encryption_like": {
      "precision": 1.0,
      "recall": 1.0,
      "f1-score": 1.0,
      "support": 391.0
    },
    "not_encrypted": {
      "precision": 1.0,
      "recall": 1.0,
      "f1-score": 1.0,
      "support": 391.0
    },
    "stream_or_counter_mode_like": {
      "precision": 0.9496221662468514,
      "recall": 0.9641943734015346,
      "f1-score": 0.9568527918781726,
      "support": 391.0
    },
    "weak_obfuscation_like": {
      "precision": 0.9949109414758269,
      "recall": 1.0,
      "f1-score": 0.9974489795918368,
      "support": 391.0
    },
    "accuracy": 0.9846547314578005,
    "macro avg": {
      "precision": 0.9846632638197502,
      "recall": 0.9846547314578006,
      "f1-score": 0.9846316905938387,
      "support": 2346.0
    },
    "weighted avg": {
      "precision": 0.9846632638197502,
      "recall": 0.9846547314578005,
      "f1-score": 0.9846316905938388,
      "support": 2346.0
    }
  },
  "class_definitions": {
    "block_padded_mode_like": [
      "AES_like",
      "3DES_like",
      "Blowfish_like",
      "DES_like",
      "RC2_like",
      "CAST5_like"
    ],
    "compressed_only": [
      "compressed_only"
    ],
    "hybrid_encryption_like": [
      "hybrid_AES_RSA_like",
      "hybrid_ChaCha20_RSA_like",
      "hybrid_Salsa20_RSA_like"
    ],
    "not_encrypted": [
      "not_encrypted"
    ],
    "stream_or_counter_mode_like": [
      "ChaCha20_Salsa20_like",
      "RC4_like"
    ],
    "weak_obfuscation_like": [
      "XOR_like"
    ]
  }
}