{
  "footer_marker_body_entropy": 0.07041597211430274,
  "footer_rsa2048_wrapped_key_like": 0.03129266549518442,
  "footer_metadata_score": 0.025080376036074267,
  "byte_chi_square_uniformity": 0.022418341246599034,
  "entropy_first_block": 0.0204928565696262,
  "footer_40_unique_ratio": 0.01956023870751606,
  "longest_byte_run": 0.01897193199322333,
  "footer_marker_body_normalized_entropy": 0.018264751646700703,
  "footer_32_normalized_entropy": 0.017159722337987248,
  "footer_length_marker_ratio": 0.017123916647190436,
  "first_1024_entropy": 0.01683308700994386,
  "last_1024_entropy": 0.016352467794431023,
  "footer_40_normalized_entropy": 0.0153509499789396,
  "footer_40_entropy": 0.014831503894875659,
  "byte_8_freq": 0.014766244585151089,
  "footer_12_normalized_entropy": 0.014519847207864886,
  "footer_12_entropy": 0.013963670460617791,
  "footer_nonce12_like": 0.013211813543133168,
  "byte_128_freq": 0.01285295483247142,
  "footer_512_unique_ratio": 0.012816502795293373,
  "byte_mean": 0.012730103753755129,
  "footer_28_normalized_entropy": 0.012685984667914686,
  "footer_iv16_or_tag16_like": 0.012566150910270895,
  "footer_16_normalized_entropy": 0.011543602065900188,
  "first_256_entropy": 0.011405781477986914,
  "byte_0_freq": 0.01136241888846308,
  "footer_12_unique_ratio": 0.011230647956086026,
  "footer_32_unique_ratio": 0.010987344313779224,
  "footer_64_normalized_entropy": 0.010948799595844194,
  "footer_16_entropy": 0.010925314338974134
}