{
  "samples": 9009,
  "train_samples": 6300,
  "evaluation_samples": 1359,
  "evaluation_split": "metadata_test",
  "classes": [
    "BLACKCAT",
    "CERBER",
    "CONTI",
    "LOCKBIT",
    "NOTPETYA",
    "PHOBOS",
    "RYUK",
    "SODINOKIBI",
    "WANNACRY"
  ],
  "feature_count": 377,
  "holdout_used": true,
  "accuracy": 0.9992641648270787,
  "precision_macro": 0.9992690058479532,
  "recall_macro": 0.9992641648270788,
  "f1_macro": 0.999264156758976,
  "f1_weighted": 0.999264156758976,
  "confusion_matrix": [
    [
      151,
      0,
      0,
      0,
      0,
      0,
      0,
      0,
      0
    ],
    [
      0,
      151,
      0,
      0,
      0,
      0,
      0,
      0,
      0
    ],
    [
      0,
      0,
      151,
      0,
      0,
      0,
      0,
      0,
      0
    ],
    [
      0,
      0,
      0,
      150,
      0,
      0,
      0,
      1,
      0
    ],
    [
      0,
      0,
      0,
      0,
      151,
      0,
      0,
      0,
      0
    ],
    [
      0,
      0,
      0,
      0,
      0,
      151,
      0,
      0,
      0
    ],
    [
      0,
      0,
      0,
      0,
      0,
      0,
      151,
      0,
      0
    ],
    [
      0,
      0,
      0,
      0,
      0,
      0,
      0,
      151,
      0
    ],
    [
      0,
      0,
      0,
      0,
      0,
      0,
      0,
      0,
      151
    ]
  ],
  "classification_report": {
    "BLACKCAT": {
      "precision": 1.0,
      "recall": 1.0,
      "f1-score": 1.0,
      "support": 151.0
    },
    "CERBER": {
      "precision": 1.0,
      "recall": 1.0,
      "f1-score": 1.0,
      "support": 151.0
    },
    "CONTI": {
      "precision": 1.0,
      "recall": 1.0,
      "f1-score": 1.0,
      "support": 151.0
    },
    "LOCKBIT": {
      "precision": 1.0,
      "recall": 0.9933774834437086,
      "f1-score": 0.9966777408637874,
      "support": 151.0
    },
    "NOTPETYA": {
      "precision": 1.0,
      "recall": 1.0,
      "f1-score": 1.0,
      "support": 151.0
    },
    "PHOBOS": {
      "precision": 1.0,
      "recall": 1.0,
      "f1-score": 1.0,
      "support": 151.0
    },
    "RYUK": {
      "precision": 1.0,
      "recall": 1.0,
      "f1-score": 1.0,
      "support": 151.0
    },
    "SODINOKIBI": {
      "precision": 0.993421052631579,
      "recall": 1.0,
      "f1-score": 0.9966996699669967,
      "support": 151.0
    },
    "WANNACRY": {
      "precision": 1.0,
      "recall": 1.0,
      "f1-score": 1.0,
      "support": 151.0
    },
    "accuracy": 0.9992641648270787,
    "macro avg": {
      "precision": 0.9992690058479532,
      "recall": 0.9992641648270788,
      "f1-score": 0.999264156758976,
      "support": 1359.0
    },
    "weighted avg": {
      "precision": 0.9992690058479532,
      "recall": 0.9992641648270787,
      "f1-score": 0.999264156758976,
      "support": 1359.0
    }
  }
}