{
  "last_1024_null_byte_ratio": 0.03977929510855434,
  "file_size_mod_16": 0.03295150549154671,
  "file_size_mod_8": 0.030548612371995697,
  "footer_12_normalized_entropy": 0.03003527888857693,
  "first_1024_null_byte_ratio": 0.026944711897725116,
  "longest_byte_run": 0.026384521697328186,
  "last_256_null_byte_ratio": 0.02575517558235043,
  "footer_12_unique_ratio": 0.025074819593604282,
  "footer_16_printable_ratio": 0.023732786724881803,
  "footer_28_entropy": 0.02289266162842524,
  "footer_8_entropy": 0.022266989722860172,
  "footer_8_normalized_entropy": 0.02194384019861898,
  "footer_12_entropy": 0.020523840571221526,
  "last_256_entropy": 0.019922314540558084,
  "footer_8_printable_ratio": 0.019801221162519124,
  "footer_40_entropy": 0.01967431660286008,
  "footer_16_normalized_entropy": 0.019447160709789423,
  "footer_40_normalized_entropy": 0.018936939949196117,
  "first_256_null_byte_ratio": 0.01886510002044092,
  "footer_8_unique_ratio": 0.018745825470413344,
  "footer_24_printable_ratio": 0.018255810879873668,
  "footer_28_printable_ratio": 0.017924675594656023,
  "footer_24_normalized_entropy": 0.017282531178892037,
  "footer_12_printable_ratio": 0.01716726244036563,
  "footer_24_unique_ratio": 0.016715259325673498,
  "footer_28_unique_ratio": 0.01616901350998986,
  "footer_32_unique_ratio": 0.016141019909032765,
  "footer_16_entropy": 0.015996530082760096,
  "footer_256_entropy": 0.01554356507701027,
  "last_1024_printable_ratio": 0.015406205923486294
}